driverId,FullName,hexcode,TeamName
1,Lewis Hamilton,"4, 191, 173",Mercedes
2,Nick Heidfeld,"0,0,0",Mercedes
3,Nico Rosberg,"4, 191, 173",Mercedes
4,Fernando Alonso,"242, 183, 5",Renault
5,Heikki Kovalainen,"0,0,0",Renault
6,Kazuki Nakajima,"0,0,1",Renault
7,Sébastien Bourdais,"0,0,2",Renault
8,Kimi Räikkönen,"212, 0, 0",McLaren
9,Robert Kubica,"165, 15, 45",BMW
10,Timo Glock,"0,0,0",BMW
11,Takuma Sato,"0,0,1",BMW
12,Nelson Piquet Jr.,"0,0,2",BMW
13,Felipe Massa,"212, 0, 0",McLaren
14,David Coulthard,"35, 50, 106",Williams
15,Jarno Trulli,"250, 215, 0",Minardi
16,Adrian Sutil,"0,0,6",Minardi
17,Mark Webber,"35, 50, 106",RedBull
18,Jenson Button,"255, 128 ,0",Renault
19,Anthony Davidson,"0,0,1",Renault
20,Sebastian Vettel,"35, 50, 106",RedBull
21,Giancarlo Fisichella,"250, 215, 0",Benetton
22,Rubens Barrichello,"212, 0, 0",Jordan
23,Ralf Schumacher,"225,225,225",Williams
24,Vitantonio Liuzzi,"0,0,3",Williams
25,Alexander Wurz,"0,0,4",Williams
26,Scott Speed,"0,0,5",Williams
27,Christijan Albers,"0,0,6",Williams
28,Markus Winkelhock,"0,0,7",Williams
29,Sakon Yamamoto,"0,0,8",Williams
30,Michael Schumacher,"212, 0, 0",Ferrari
31,Juan Pablo Montoya,"225,225,225",Williams
32,Christian Klien,"0,0,1",Williams
33,Tiago Monteiro,"0,0,2",Williams
34,Yuji Ide,"0,0,3",Williams
35,Jacques Villeneuve,"0,0,4",Williams
36,Franck Montagny,"0,0,5",Williams
37,Pedro de la Rosa,"0,0,6",Williams
38,Robert Doornbos,"0,0,7",Williams
39,Narain Karthikeyan,"0,0,8",Williams
40,Patrick Friesacher,"0,0,9",Williams
41,Ricardo Zonta,"0,0,10",Williams
42,Antônio Pizzonia,"0,0,11",Williams
43,Cristiano da Matta,"0,0,12",Williams
44,Olivier Panis,"0,0,13",Williams
45,Giorgio Pantano,"0,0,14",Williams
46,Gianmaria Bruni,"0,0,15",Williams
47,Zsolt Baumgartner,"0,0,16",Williams
48,Marc Gené,"0,0,17",Williams
49,Heinz-Harald Frentzen,"0,0,18",Williams
50,Jos Verstappen,"0,0,19",Williams
51,Justin Wilson,"0,0,20",Williams
52,Ralph Firman,"0,0,21",Williams
53,Nicolas Kiesa,"0,0,22",Williams
54,Luciano Burti,"0,0,23",Williams
55,Jean Alesi,"0,0,24",Williams
56,Eddie Irvine,"0,0,25",Williams
57,Mika Häkkinen,"255, 128 ,0",McLaren
58,Tarso Marques,"0,0,27",McLaren
59,Enrique Bernoldi,"0,0,28",McLaren
60,Gastón Mazzacane,"0,0,29",McLaren
61,Tomáš Enge,"0,0,30",McLaren
62,Alex Yoong,"0,0,31",McLaren
63,Mika Salo,"0,0,32",McLaren
64,Pedro Diniz,"0,0,33",McLaren
65,Johnny Herbert,"0,0,34",McLaren
66,Allan McNish,"0,0,35",McLaren
67,Sébastien Buemi,"0,0,36",McLaren
68,Toranosuke Takagi,"0,0,37",McLaren
69,Luca Badoer,"0,0,38",McLaren
70,Alessandro Zanardi,"0,0,39",McLaren
71,Damon Hill,"0,0,40",McLaren
72,Stéphane Sarrazin,"0,0,41",McLaren
73,Ricardo Rosset,"0,0,42",McLaren
74,Esteban Tuero,"0,0,43",McLaren
75,Shinji Nakano,"0,0,44",McLaren
76,Jan Magnussen,"0,0,45",McLaren
77,Gerhard Berger,"0,0,46",McLaren
78,Nicola Larini,"0,0,47",McLaren
79,Ukyo Katayama,"0,0,48",McLaren
80,Vincenzo Sospiri,"0,0,49",McLaren
81,Gianni Morbidelli,"0,0,50",McLaren
82,Norberto Fontana,"0,0,51",McLaren
83,Pedro Lamy,"0,0,52",McLaren
84,Martin Brundle,"0,0,53",McLaren
85,Andrea Montermini,"0,0,54",McLaren
86,Giovanni Lavaggi,"0,0,55",McLaren
87,Mark Blundell,"0,0,56",McLaren
88,Aguri Suzuki,"0,0,57",McLaren
89,Taki Inoue,"0,0,58",McLaren
90,Roberto Moreno,"0,0,59",McLaren
91,Karl Wendlinger,"0,0,60",McLaren
92,Bertrand Gachot,"0,0,61",McLaren
93,Domenico Schiattarella,"0,0,62",McLaren
94,Pierluigi Martini,"0,0,63",McLaren
95,Nigel Mansell,"0,0,64",McLaren
96,Jean-Christophe Boullion,"0,0,65",McLaren
97,Massimiliano Papis,"0,0,66",McLaren
98,Jean-Denis Délétraz,"0,0,67",McLaren
99,Gabriele Tarquini,"0,0,68",McLaren
100,Érik Comas,"0,0,69",McLaren
101,David Brabham,"0,0,70",McLaren
102,Ayrton Senna,"0,0,71",McLaren
103,Éric Bernard,"0,0,72",McLaren
104,Christian Fittipaldi,"0,0,73",McLaren
105,Michele Alboreto,"0,0,74",McLaren
106,Olivier Beretta,"0,0,75",McLaren
107,Roland Ratzenberger,"0,0,76",McLaren
108,Paul Belmondo,"0,0,77",McLaren
109,Jyrki Järvilehto,"0,0,78",McLaren
110,Andrea de Cesaris,"0,0,79",McLaren
111,Jean-Marc Gounon,"0,0,80",McLaren
112,Philippe Alliot,"0,0,81",McLaren
113,Philippe Adams,"0,0,82",McLaren
114,Yannick Dalmas,"0,0,83",McLaren
115,Hideki Noda,"0,0,84",McLaren
116,Franck Lagorce,"0,0,85",McLaren
117,Alain Prost,"0,0,86",McLaren
118,Derek Warwick,"0,0,87",McLaren
119,Riccardo Patrese,"0,0,88",McLaren
120,Fabrizio Barbazza,"0,0,89",McLaren
121,Michael Andretti,"0,0,90",McLaren
122,Ivan Capelli,"0,0,91",McLaren
123,Thierry Boutsen,"0,0,92",McLaren
124,Marco Apicella,"0,0,93",McLaren
125,Emanuele Naspetti,"0,0,94",McLaren
126,Toshio Suzuki,"0,0,95",McLaren
127,Maurício Gugelmin,"0,0,96",McLaren
128,Eric van de Poele,"0,0,97",McLaren
129,Olivier Grouillard,"0,0,98",McLaren
130,Andrea Chiesa,"0,0,99",McLaren
131,Stefano Modena,"0,0,100",McLaren
132,Giovanna Amati,"0,0,101",McLaren
133,Alex Caffi,"0,0,102",McLaren
134,Enrico Bertaggia,"0,0,103",McLaren
135,Perry McCarthy,"0,0,104",McLaren
136,Jan Lammers,"0,0,105",McLaren
137,Nelson Piquet,"0,0,106",McLaren
138,Satoru Nakajima,"0,0,107",McLaren
139,Emanuele Pirro,"0,0,108",McLaren
140,Stefan Johansson,"0,0,109",McLaren
141,Julian Bailey,"0,0,110",McLaren
142,Pedro Chaves,"0,0,111",McLaren
143,Michael Bartels,"0,0,112",McLaren
144,Naoki Hattori,"0,0,113",McLaren
145,Alessandro Nannini,"0,0,114",McLaren
146,Bernd Schneider,"0,0,115",McLaren
147,Paolo Barilla,"0,0,116",McLaren
148,Gregor Foitek,"0,0,117",McLaren
149,Claudio Langes,"0,0,118",McLaren
150,Gary Brabham,"0,0,119",McLaren
151,Martin Donnelly,"0,0,120",McLaren
152,Bruno Giacomelli,"0,0,121",McLaren
153,Jaime Alguersuari,"0,0,122",McLaren
154,Romain Grosjean,"0,0,123",McLaren
155,Kamui Kobayashi,"0,0,124",McLaren
156,Jonathan Palmer,"0,0,125",McLaren
157,Christian Danner,"0,0,126",McLaren
158,Eddie Cheever,"0,0,127",McLaren
159,Luis Pérez-Sala,"0,0,128",McLaren
160,Piercarlo Ghinzani,"0,0,129",McLaren
161,Volker Weidler,"0,0,130",McLaren
162,Pierre-Henri Raphanel,"0,0,131",McLaren
163,René Arnoux,"0,0,132",McLaren
164,Joachim Winkelhock,"0,0,133",McLaren
165,Oscar Larrauri,"0,0,134",McLaren
166,Philippe Streiff,"0,0,135",McLaren
167,Adrián Campos,"0,0,136",McLaren
168,Jean-Louis Schlesser,"0,0,137",McLaren
169,Pascal Fabre,"0,0,138",McLaren
170,Teo Fabi,"0,0,139",McLaren
171,Franco Forini,"0,0,140",McLaren
172,Jacques Laffite,"0,0,141",McLaren
173,Elio de Angelis,"0,0,142",McLaren
174,Johnny Dumfries,"0,0,143",McLaren
175,Patrick Tambay,"0,0,144",McLaren
176,Marc Surer,"0,0,145",McLaren
177,Keke Rosberg,"0,0,146",McLaren
178,Alan Jones,"0,0,147",McLaren
179,Huub Rothengatter,"0,0,148",McLaren
180,Allen Berg,"0,0,149",McLaren
181,Manfred Winkelhock,"0,0,150",McLaren
182,Niki Lauda,"0,0,151",McLaren
183,François Hesnault,"0,0,152",McLaren
184,Mauro Baldi,"0,0,153",McLaren
185,Stefan Bellof,"0,0,0",McLaren
186,Kenny Acheson,"0,0,155",McLaren
187,John Watson,"0,0,156",McLaren
188,Johnny Cecotto,"0,0,157",McLaren
189,Jo Gartner,"0,0,158",McLaren
190,Corrado Fabi,"0,0,159",McLaren
191,Mike Thackwell,"0,0,160",McLaren
192,Chico Serra,"0,0,161",McLaren
193,Danny Sullivan,"0,0,162",McLaren
194,Eliseo Salazar,"0,0,163",McLaren
195,Roberto Guerrero,"0,0,164",McLaren
196,Raul Boesel,"0,0,165",McLaren
197,Jean-Pierre Jarier,"0,0,166",McLaren
198,Jacques Villeneuve Sr.,"0,0,167",McLaren
199,Carlos Reutemann,"0,0,168",McLaren
200,Jochen Mass,"0,0,169",McLaren
201,Slim Borgudd,"0,0,170",McLaren
202,Didier Pironi,"0,0,171",McLaren
203,Gilles Villeneuve,"0,0,172",McLaren
204,Riccardo Paletti,"0,0,173",McLaren
205,Brian Henton,"0,0,174",McLaren
206,Derek Daly,"0,0,175",McLaren
207,Mario Andretti,"0,0,176",McLaren
208,Emilio de Villota,"0,0,0",McLaren
209,Geoff Lees,"0,0,178",McLaren
210,Tommy Byrne,"0,0,179",McLaren
211,Rupert Keegan,"0,0,180",McLaren
212,Hector Rebaque,"0,0,181",McLaren
213,Beppe Gabbiani,"0,0,182",McLaren
214,Kevin Cogan,"0,0,183",McLaren
215,Miguel Ángel Guerra,"0,0,184",McLaren
216,Siegfried Stohr,"0,0,185",McLaren
217,Ricardo Zunino,"0,0,186",McLaren
218,Ricardo Londoño,"0,0,187",McLaren
219,Jean-Pierre Jabouille,"0,0,188",McLaren
220,Giorgio Francia,"0,0,189",McLaren
221,Patrick Depailler,"0,0,190",McLaren
222,Jody Scheckter,"0,0,191",McLaren
223,Clay Regazzoni,"0,0,192",McLaren
224,Emerson Fittipaldi,"0,0,193",McLaren
225,Dave Kennedy,"0,0,194",McLaren
226,Stephen South,"0,0,195",McLaren
227,Tiff Needell,"0,0,196",McLaren
228,Desiré Wilson,"0,0,197",McLaren
229,Harald Ertl,"0,0,198",McLaren
230,Vittorio Brambilla,"0,0,0",McLaren
231,James Hunt,"0,0,200",McLaren
232,Arturo Merzario,"0,0,201",McLaren
233,Hans-Joachim Stuck,"0,0,202",McLaren
234,Gianfranco Brancatelli,"0,0,203",McLaren
235,Jacky Ickx,"0,0,204",McLaren
236,Patrick Gaillard,"0,0,205",McLaren
237,Alex Ribeiro,"0,0,206",McLaren
238,Ronnie Peterson,"0,0,207",McLaren
239,Brett Lunger,"0,0,208",McLaren
240,Danny Ongais,"0,0,209",McLaren
241,Lamberto Leoni,"0,0,210",McLaren
242,Divina Galica,"0,0,211",McLaren
243,Rolf Stommelen,"0,0,212",McLaren
244,Alberto Colombo,"0,0,213",McLaren
245,Tony Trimmer,"0,0,214",McLaren
246,Hans Binder,"0,0,215",McLaren
247,Michael Bleekemolen,"0,0,216",McLaren
248,Carlo Franchi,"0,0,217",McLaren
249,Bobby Rahal,"0,0,218",McLaren
250,Carlos Pace,"0,0,219",McLaren
251,Ian Scheckter,"0,0,220",McLaren
252,Tom Pryce,"0,0,221",McLaren
253,Ingo Hoffmann,"0,0,222",McLaren
254,Renzo Zorzi,"0,0,223",McLaren
255,Gunnar Nilsson,"0,0,224",McLaren
256,Larry Perkins,"0,0,225",McLaren
257,Boy Lunger,"0,0,226",McLaren
258,Patrick Nève,"0,0,0",McLaren
259,David Purley,"0,0,1",McLaren
260,Conny Andersson,"0,0,2",McLaren
261,Bernard de Dryver,"0,0,3",McLaren
262,Jackie Oliver,"0,0,4",McLaren
263,Mikko Kozarowitzky,"0,0,5",McLaren
264,Andy Sutcliffe,"0,0,6",McLaren
265,Guy Edwards,"0,0,7",McLaren
266,Brian McGuire,"0,0,8",McLaren
267,Vern Schuppan,"0,0,9",McLaren
268,Hans Heyer,"0,0,10",McLaren
269,Teddy Pilette,"0,0,11",McLaren
270,Ian Ashley,"0,0,12",McLaren
271,Loris Kessel,"0,0,13",McLaren
272,Kunimitsu Takahashi,"0,0,14",McLaren
273,Kazuyoshi Hoshino,"0,0,15",McLaren
274,Noritake Takahara,"0,0,16",McLaren
275,Lella Lombardi,"0,0,17",McLaren
276,Bob Evans,"0,0,18",McLaren
277,Michel Leclère,"0,0,19",McLaren
278,Chris Amon,"0,0,20",McLaren
279,Emilio Zapico,"0,0,21",McLaren
280,Henri Pescarolo,"0,0,22",McLaren
281,Jac Nelleman,"0,0,23",McLaren
282,Damien Magee,"0,0,24",McLaren
283,Mike Wilds,"0,0,25",McLaren
284,Alessandro Pesenti-Rossi,"0,0,26",McLaren
285,Otto Stuppacher,"0,0,27",McLaren
286,Warwick Brown,"0,0,28",McLaren
287,Masahiro Hasemi,"0,0,29",McLaren
288,Mark Donohue,"0,0,30",McLaren
289,Graham Hill,"0,0,31",McLaren
290,Wilson Fittipaldi,"0,0,32",McLaren
291,Guy Tunmer,"0,0,33",McLaren
292,Eddie Keizan,"0,0,34",McLaren
293,Dave Charlton,"0,0,35",McLaren
294,Tony Brise,"0,0,36",McLaren
295,Roelof Wunderink,"0,0,37",McLaren
296,François Migault,"0,0,38",McLaren
297,Torsten Palm,"0,0,39",McLaren
298,Gijs van Lennep,"0,0,40",McLaren
299,Hiroshi Fushida,"0,0,41",McLaren
300,John Nicholson,"0,0,42",McLaren
301,Dave Morgan,"0,0,43",McLaren
302,Jim Crawford,"0,0,44",McLaren
303,Jo Vonlanthen,"0,0,45",McLaren
304,Denny Hulme,"0,0,46",McLaren
305,Mike Hailwood,"0,0,47",McLaren
306,Jean-Pierre Beltoise,"0,0,48",McLaren
307,Howden Ganley,"0,0,49",McLaren
308,Richard Robarts,"0,0,50",McLaren
309,Peter Revson,"0,0,51",McLaren
310,Paddy Driver,"0,0,52",McLaren
311,Tom Belsø,"0,0,53",McLaren
312,Brian Redman,"0,0,54",McLaren
313,Rikky von Opel,"0,0,55",McLaren
314,Tim Schenken,"0,0,56",McLaren
315,Gérard Larrousse,"0,0,57",McLaren
316,Leo Kinnunen,"0,0,58",McLaren
317,Reine Wisell,"0,0,59",McLaren
318,Bertil Roos,"0,0,60",McLaren
319,José Dolhem,"0,0,61",McLaren
320,Peter Gethin,"0,0,62",McLaren
321,Derek Bell,"0,0,63",McLaren
322,David Hobbs,"0,0,64",McLaren
323,Dieter Quester,"0,0,65",McLaren
324,Helmuth Koinigg,"0,0,66",McLaren
325,Carlo Facetti,"0,0,67",McLaren
326,Eppie Wietzes,"0,0,68",McLaren
327,François Cevert,"0,0,69",McLaren
328,Jackie Stewart,"0,0,70",McLaren
329,Mike Beuttler,"0,0,71",McLaren
330,Nanni Galli,"0,0,72",McLaren
331,Luiz Bueno,"0,0,73",McLaren
332,George Follmer,"0,0,74",McLaren
333,Andrea de Adamich,"0,0,75",McLaren
334,Jackie Pretorius,"0,0,76",McLaren
335,Roger Williamson,"0,0,77",McLaren
336,Graham McRae,"0,0,78",McLaren
337,Helmut Marko,"0,0,79",McLaren
338,David Walker,"0,0,80",McLaren
339,Alex Soler-Roig,"0,0,81",McLaren
340,John Love,"0,0,82",McLaren
341,John Surtees,"0,0,83",McLaren
342,Skip Barber,"0,0,84",McLaren
343,Bill Brack,"0,0,85",McLaren
344,Sam Posey,"0,0,86",McLaren
345,Pedro Rodríguez,"0,0,87",McLaren
346,Jo Siffert,"0,0,88",McLaren
347,Jo Bonnier,"0,0,89",McLaren
348,François Mazet,"0,0,90",McLaren
349,Max Jean,"0,0,91",McLaren
350,Vic Elford,"0,0,92",McLaren
351,Silvio Moser,"0,0,93",McLaren
352,George Eaton,"0,0,94",McLaren
353,Pete Lovely,"0,0,95",McLaren
354,Chris Craft,"0,0,96",McLaren
355,John Cannon,"0,0,97",McLaren
356,Jack Brabham,"0,0,98",McLaren
357,John Miles,"0,0,99",McLaren
358,Jochen Rindt,"0,0,100",McLaren
359,Johnny Servoz-Gavin,"0,0,101",McLaren
360,Bruce McLaren,"0,0,102",McLaren
361,Piers Courage,"0,0,103",McLaren
362,Peter de Klerk,"0,0,104",McLaren
363,Ignazio Giunti,"0,0,105",McLaren
364,Dan Gurney,"0,0,106",McLaren
365,Hubert Hahne,"0,0,107",McLaren
366,Gus Hutchison,"0,0,108",McLaren
367,Peter Westbury,"0,0,109",McLaren
368,Sam Tingle,"0,0,110",McLaren
369,Basil van Rooyen,"0,0,111",McLaren
370,Richard Attwood,"0,0,112",McLaren
371,Al Pease,"0,0,113",McLaren
372,John Cordts,"0,0,114",McLaren
373,Jim Clark,"0,0,115",McLaren
374,Mike Spence,"0,0,116",McLaren
375,Ludovico Scarfiotti,"0,0,117",McLaren
376,Lucien Bianchi,"0,0,118",McLaren
377,Jo Schlesser,"0,0,119",McLaren
378,Robin Widdows,"0,0,120",McLaren
379,Kurt Ahrens,"0,0,121",McLaren
380,Frank Gardner,"0,0,122",McLaren
381,Bobby Unser,"0,0,123",McLaren
382,Moisés Solana,"0,0,124",McLaren
383,Bob Anderson,"0,0,125",McLaren
384,Luki Botha,"0,0,126",McLaren
385,Lorenzo Bandini,"0,0,127",McLaren
386,Richie Ginther,"0,0,128",McLaren
387,Mike Parkes,"0,0,129",McLaren
388,Chris Irwin,"0,0,130",McLaren
389,Guy Ligier,"0,0,131",McLaren
390,Alan Rees,"0,0,132",McLaren
391,Brian Hart,"0,0,133",McLaren
392,Mike Fisher,"0,0,134",McLaren
393,Tom Jones,"0,0,135",McLaren
394,Giancarlo Baghetti,"0,0,136",McLaren
395,Jonathan Williams,"0,0,137",McLaren
396,Bob Bondurant,"0,0,138",McLaren
397,Peter Arundell,"0,0,139",McLaren
398,Vic Wilson,"0,0,140",McLaren
399,John Taylor,"0,0,141",McLaren
400,Chris Lawrence,"0,0,142",McLaren
401,Trevor Taylor,"0,0,143",McLaren
402,Giacomo Russo,"0,0,144",McLaren
403,Phil Hill,"0,0,145",McLaren
404,Innes Ireland,"0,0,146",McLaren
405,Ronnie Bucknum,"0,0,147",McLaren
406,Paul Hawkins,"0,0,148",McLaren
407,David Prophet,"0,0,149",McLaren
408,Tony Maggs,"0,0,150",McLaren
409,Trevor Blokdyk,"0,0,151",McLaren
410,Neville Lederle,"0,0,152",McLaren
411,Doug Serrurier,"0,0,153",McLaren
412,Brausch Niemann,"0,0,154",McLaren
413,Ernie Pieterse,"0,0,155",McLaren
414,Clive Puzey,"0,0,156",McLaren
415,Ray Reed,"0,0,157",McLaren
416,David Clapham,"0,0,158",McLaren
417,Alex Blignaut,"0,0,159",McLaren
418,Masten Gregory,"0,0,160",McLaren
419,John Rhodes,"0,0,161",McLaren
420,Ian Raby,"0,0,162",McLaren
421,Alan Rollinson,"0,0,163",McLaren
422,Brian Gubby,"0,0,164",McLaren
423,Gerhard Mitter,"0,0,165",McLaren
424,Roberto Bussinello,"0,0,166",McLaren
425,Nino Vaccarella,"0,0,167",McLaren
426,Giorgio Bassi,"0,0,168",McLaren
427,Maurice Trintignant,"0,0,169",McLaren
428,Bernard Collomb,"0,0,170",McLaren
429,André Pilette,"0,0,171",McLaren
430,Carel Godin de Beaufort,"0,0,172",McLaren
431,Edgar Barth,"0,0,173",McLaren
432,Mário de Araújo Cabral,"0,0,174",McLaren
433,Walt Hansgen,"0,0,175",McLaren
434,Hap Sharp,"0,0,176",McLaren
435,Willy Mairesse,"0,0,177",McLaren
436,John Campbell-Jones,"0,0,178",McLaren
437,Ian Burgess,"0,0,179",McLaren
438,Tony Settember,"0,0,180",McLaren
439,Nasif Estéfano,"0,0,181",McLaren
440,Jim Hall,"0,0,182",McLaren
441,Tim Parnell,"0,0,183",McLaren
442,Kurt Kuhnke,"0,0,184",McLaren
443,Ernesto Brambilla,"0,0,185",McLaren
444,Roberto Lippi,"0,0,186",McLaren
445,Günther Seiffert,"0,0,187",McLaren
446,Carlo Abate,"0,0,188",McLaren
447,Gaetano Starrabba,"0,0,189",McLaren
448,Peter Broeker,"0,0,190",McLaren
449,Rodger Ward,"0,0,191",McLaren
450,Ernie de Vos,"0,0,192",McLaren
451,Frank Dochnal,"0,0,193",McLaren
452,Thomas Monarch,"0,0,194",McLaren
842,Pierre Gasly,"0,0,195",McLaren
453,Jackie Lewis,"0,0,0",McLaren
454,Ricardo Rodríguez,"0,0,1",McLaren
455,Wolfgang Seidel,"0,0,2",McLaren
456,Roy Salvadori,"0,0,3",McLaren
457,Ben Pon,"0,0,4",McLaren
458,Rob Slotemaker,"0,0,5",McLaren
459,Tony Marsh,"0,0,6",McLaren
460,Gerry Ashmore,"0,0,7",McLaren
461,Heinz Schiller,"0,0,8",McLaren
462,Colin Davis,"0,0,9",McLaren
463,Jay Chamberlain,"0,0,10",McLaren
464,Tony Shelly,"0,0,11",McLaren
465,Keith Greene,"0,0,12",McLaren
466,Heini Walter,"0,0,13",McLaren
467,Ernesto Prinoth,"0,0,14",McLaren
468,Roger Penske,"0,0,15",McLaren
469,Rob Schroeder,"0,0,16",McLaren
470,Timmy Mayer,"0,0,17",McLaren
471,Bruce Johnstone,"0,0,18",McLaren
472,Mike Harris,"0,0,19",McLaren
473,Gary Hocking,"0,0,20",McLaren
474,Syd van der Vyver,"0,0,21",McLaren
475,Stirling Moss,"0,0,22",McLaren
476,Wolfgang von Trips,"0,0,23",McLaren
477,Cliff Allison,"0,0,24",McLaren
478,Hans Herrmann,"0,0,25",McLaren
479,Tony Brooks,"0,0,26",McLaren
480,Michael May,"0,0,27",McLaren
481,Henry Taylor,"0,0,28",McLaren
482,Olivier Gendebien,"0,0,29",McLaren
483,Giorgio Scarlatti,"0,0,30",McLaren
484,Brian Naylor,"0,0,31",McLaren
485,Juan Manuel Bordeu,"0,0,32",McLaren
486,Jack Fairman,"0,0,33",McLaren
487,Massimo Natili,"0,0,34",McLaren
488,Peter Monteverdi,"0,0,35",McLaren
489,Renato Pirocchi,"0,0,36",McLaren
490,Geoff Duke,"0,0,37",McLaren
491,Alfonso Thiele,"0,0,38",McLaren
492,Menato Boffa,"0,0,39",McLaren
493,Peter Ryan,"0,0,40",McLaren
494,Lloyd Ruby,"0,0,41",McLaren
495,Ken Miles,"0,0,42",McLaren
496,Carlos Menditeguy,"0,0,43",McLaren
497,Alberto Rodriguez Larreta,"0,0,44",McLaren
498,José Froilán González,"0,0,45",McLaren
499,Roberto Bonomi,"0,0,46",McLaren
500,Gino Munaron,"0,0,47",McLaren
501,Harry Schell,"0,0,48",McLaren
502,Alan Stacey,"0,0,49",McLaren
503,Ettore Chimeri,"0,0,50",McLaren
504,Antonio Creus,"0,0,51",McLaren
505,Chris Bristow,"0,0,52",McLaren
506,Bruce Halford,"0,0,53",McLaren
507,Chuck Daigh,"0,0,54",McLaren
508,Lance Reventlow,"0,0,55",McLaren
509,Jim Rathmann,"0,0,56",McLaren
510,Paul Goldsmith,"0,0,57",McLaren
511,Don Branson,"0,0,58",McLaren
512,Johnny Thomson,"0,0,59",McLaren
513,Eddie Johnson,"0,0,60",McLaren
514,Bob Veith,"0,0,61",McLaren
515,Bud Tingelstad,"0,0,62",McLaren
516,Bob Christie,"0,0,63",McLaren
517,Red Amick,"0,0,64",McLaren
518,Duane Carter,"0,0,65",McLaren
519,Bill Homeier,"0,0,66",McLaren
520,Gene Hartley,"0,0,67",McLaren
521,Chuck Stevenson,"0,0,68",McLaren
522,Bobby Grim,"0,0,69",McLaren
523,Shorty Templeman,"0,0,70",McLaren
524,Jim Hurtubise,"0,0,71",McLaren
525,Jimmy Bryan,"0,0,72",McLaren
526,Troy Ruttman,"0,0,73",McLaren
527,Eddie Sachs,"0,0,74",McLaren
528,Don Freeland,"0,0,75",McLaren
529,Tony Bettenhausen,"0,0,76",McLaren
530,Wayne Weiler,"0,0,77",McLaren
531,Anthony Foyt,"0,0,78",McLaren
532,Eddie Russo,"0,0,79",McLaren
533,Johnny Boyd,"0,0,80",McLaren
534,Gene Force,"0,0,81",McLaren
535,Jim McWithey,"0,0,82",McLaren
536,Len Sutton,"0,0,83",McLaren
537,Dick Rathmann,"0,0,84",McLaren
538,Al Herman,"0,0,85",McLaren
539,Dempsey Wilson,"0,0,86",McLaren
540,Mike Taylor,"0,0,87",McLaren
541,Ron Flockhart,"0,0,88",McLaren
542,David Piper,"0,0,89",McLaren
543,Giulio Cabianca,"0,0,90",McLaren
544,Piero Drogo,"0,0,91",McLaren
545,Fred Gamble,"0,0,92",McLaren
546,Arthur Owen,"0,0,93",McLaren
547,Horace Gould,"0,0,94",McLaren
548,Bob Drake,"0,0,95",McLaren
549,Ivor Bueb,"0,0,96",McLaren
550,Alain de Changy,"0,0,97",McLaren
551,Maria de Filippis,"0,0,98",McLaren
552,Jean Lucienbonnet,"0,0,99",McLaren
553,André Testut,"0,0,100",McLaren
554,Jean Behra,"0,0,101",McLaren
555,Paul Russo,"0,0,102",McLaren
556,Jimmy Daywalt,"0,0,103",McLaren
557,Chuck Arnold,"0,0,104",McLaren
558,Al Keller,"0,0,105",McLaren
559,Pat Flaherty,"0,0,106",McLaren
560,Bill Cheesbourg,"0,0,107",McLaren
561,Ray Crawford,"0,0,108",McLaren
562,Jack Turner,"0,0,109",McLaren
563,Chuck Weyant,"0,0,110",McLaren
564,Jud Larson,"0,0,111",McLaren
565,Mike Magill,"0,0,112",McLaren
566,Carroll Shelby,"0,0,113",McLaren
567,Fritz d'Orey,"0,0,114",McLaren
568,Azdrubal Fontes,"0,0,115",McLaren
569,Peter Ashdown,"0,0,116",McLaren
570,Bill Moss,"0,0,117",McLaren
571,Dennis Taylor,"0,0,118",McLaren
572,Harry Blanchard,"0,0,119",McLaren
573,Alessandro de Tomaso,"0,0,120",McLaren
574,George Constantine,"0,0,121",McLaren
575,Bob Said,"0,0,122",McLaren
576,Phil Cade,"0,0,123",McLaren
577,Luigi Musso,"0,0,124",McLaren
578,Mike Hawthorn,"0,0,125",McLaren
579,Juan Fangio,"0,0,126",McLaren
580,Paco Godia,"0,0,127",McLaren
581,Peter Collins,"0,0,128",McLaren
582,Ken Kavanagh,"0,0,129",McLaren
583,Gerino Gerini,"0,0,130",McLaren
584,Bruce Kessler,"0,0,131",McLaren
585,Paul Emery,"0,0,132",McLaren
586,Luigi Piotti,"0,0,133",McLaren
587,Bernie Ecclestone,"0,0,134",McLaren
588,Luigi Taramazzo,"0,0,135",McLaren
589,Louis Chiron,"0,0,136",McLaren
590,Stuart Lewis-Evans,"0,0,137",McLaren
591,George Amick,"0,0,138",McLaren
592,Jimmy Reece,"0,0,139",McLaren
593,Johnnie Parsons,"0,0,140",McLaren
594,Johnnie Tolan,"0,0,141",McLaren
595,Billy Garrett,"0,0,142",McLaren
596,Ed Elisian,"0,0,143",McLaren
597,Pat O'Connor,"0,0,144",McLaren
598,Jerry Unser,"0,0,145",McLaren
599,Art Bisch,"0,0,146",McLaren
600,Christian Goethals,"0,0,147",McLaren
601,Dick Gibson,"0,0,148",McLaren
602,Robert La Caze,"0,0,149",McLaren
603,André Guelfi,"0,0,150",McLaren
604,François Picard,"0,0,151",McLaren
605,Tom Bridger,"0,0,152",McLaren
606,Alfonso de Portago,"0,0,153",McLaren
607,Cesare Perdisa,"0,0,154",McLaren
608,Eugenio Castellotti,"0,0,155",McLaren
609,André Simon,"0,0,156",McLaren
610,Les Leston,"0,0,157",McLaren
611,Sam Hanks,"0,0,158",McLaren
612,Andy Linden,"0,0,159",McLaren
613,Marshall Teague,"0,0,160",McLaren
614,Don Edmunds,"0,0,161",McLaren
615,Fred Agabashian,"0,0,162",McLaren
616,Elmer George,"0,0,163",McLaren
617,Mike MacDowel,"0,0,164",McLaren
618,Herbert MacKay-Fraser,"0,0,165",McLaren
619,Bob Gerard,"0,0,166",McLaren
620,Umberto Maglioli,"0,0,167",McLaren
621,Paul England,"0,0,168",McLaren
622,Chico Landi,"0,0,169",McLaren
623,Alberto Uria,"0,0,170",McLaren
624,Hernando da Silva Ramos,"0,0,171",McLaren
625,Élie Bayol,"0,0,172",McLaren
626,Robert Manzon,"0,0,173",McLaren
627,Louis Rosier,"0,0,174",McLaren
628,Bob Sweikert,"0,0,175",McLaren
629,Cliff Griffith,"0,0,176",McLaren
630,Duke Dinsmore,"0,0,177",McLaren
631,Keith Andrews,"0,0,178",McLaren
632,Paul Frère,"0,0,179",McLaren
633,Luigi Villoresi,"0,0,180",McLaren
634,Piero Scotti,"0,0,181",McLaren
635,Colin Chapman,"0,0,182",McLaren
636,Desmond Titterington,"0,0,183",McLaren
637,Archie Scott Brown,"0,0,184",McLaren
638,Ottorino Volonterio,"0,0,185",McLaren
639,André Milhoux,"0,0,186",McLaren
640,Toulo de Graffenried,"0,0,187",McLaren
641,Piero Taruffi,"0,0,188",McLaren
642,Nino Farina,"0,0,189",McLaren
643,Roberto Mieres,"0,0,190",McLaren
644,Sergio Mantovani,"0,0,191",McLaren
645,Clemar Bucci,"0,0,192",McLaren
646,Jesús Iglesias,"0,0,193",McLaren
647,Alberto Ascari,"0,0,194",McLaren
648,Karl Kling,"0,0,195",McLaren
649,Pablo Birger,"0,0,196",McLaren
650,Jacques Pollet,"0,0,197",McLaren
651,Lance Macklin,"0,0,198",McLaren
652,Ted Whiteaway,"0,0,199",McLaren
653,Jimmy Davies,"0,0,200",McLaren
654,Walt Faulkner,"0,0,201",McLaren
655,Cal Niday,"0,0,202",McLaren
656,Art Cross,"0,0,203",McLaren
657,Bill Vukovich,"0,0,204",McLaren
658,Jack McGrath,"0,0,205",McLaren
659,Jerry Hoyt,"0,0,206",McLaren
660,Johnny Claes,"0,0,207",McLaren
661,Peter Walker,"0,0,208",McLaren
662,Mike Sparken,"0,0,209",McLaren
663,Ken Wharton,"0,0,210",McLaren
664,Kenneth McAlpine,"0,0,211",McLaren
665,Leslie Marr,"0,0,212",McLaren
666,Tony Rolt,"0,0,213",McLaren
667,John Fitch,"0,0,214",McLaren
668,Jean Lucas,"0,0,215",McLaren
669,Prince Bira,"0,0,216",McLaren
670,Onofre Marimón,"0,0,217",McLaren
671,Roger Loyer,"0,0,218",McLaren
672,Jorge Daponte,"0,0,219",McLaren
673,Mike Nazaruk,"0,0,220",McLaren
674,Larry Crockett,"0,0,221",McLaren
675,Manny Ayulo,"0,0,222",McLaren
676,Frank Armi,"0,0,223",McLaren
677,Travis Webb,"0,0,224",McLaren
678,Len Duncan,"0,0,225",McLaren
679,Ernie McCoy,"0,0,226",McLaren
680,Jacques Swaters,"0,0,227",McLaren
681,Georges Berger,"0,0,228",McLaren
682,Don Beauman,"0,0,229",McLaren
683,Leslie Thorne,"0,0,230",McLaren
684,Bill Whitehouse,"0,0,231",McLaren
685,John Riseley-Prichard,"0,0,232",McLaren
686,Reg Parnell,"0,0,233",McLaren
687,Peter Whitehead,"0,0,234",McLaren
688,Eric Brandon,"0,0,235",McLaren
689,Alan Brown,"0,0,236",McLaren
690,Rodney Nuckey,"0,0,237",McLaren
691,Hermann Lang,"0,0,238",McLaren
692,Theo Helfrich,"0,0,239",McLaren
693,Fred Wacker,"0,0,240",McLaren
694,Giovanni de Riu,"0,0,241",McLaren
695,Oscar Gálvez,"0,0,242",McLaren
696,John Barber,"0,0,243",McLaren
697,Felice Bonetto,"0,0,244",McLaren
698,Adolfo Cruz,"0,0,245",McLaren
699,Duke Nalon,"0,0,246",McLaren
700,Carl Scarborough,"0,0,247",McLaren
701,Bill Holland,"0,0,248",McLaren
702,Bob Scott,"0,0,249",McLaren
703,Arthur Legat,"0,0,250",McLaren
704,Yves Cabantous,"0,0,251",McLaren
705,Tony Crook,"0,0,252",McLaren
706,Jimmy Stewart,"0,0,253",McLaren
707,Ian Stewart,"0,0,254",McLaren
708,Duncan Hamilton,"0,0,255",McLaren
709,Ernst Klodwig,"0,0,0",McLaren
710,Rudolf Krause,"0,0,1",McLaren
711,Oswald Karch,"0,0,2",McLaren
712,Willi Heeks,"0,0,3",McLaren
713,Theo Fitzau,"0,0,4",McLaren
714,Kurt Adolff,"0,0,5",McLaren
715,Günther Bechem,"0,0,6",McLaren
716,Erwin Bauer,"0,0,7",McLaren
717,Hans von Stuck,"0,0,8",McLaren
718,Ernst Loof,"0,0,9",McLaren
719,Albert Scherrer,"0,0,10",McLaren
720,Max de Terra,"0,0,11",McLaren
721,Peter Hirt,"0,0,12",McLaren
722,Piero Carini,"0,0,13",McLaren
723,Rudi Fischer,"0,0,14",McLaren
724,Toni Ulmen,"0,0,15",McLaren
725,George Abecassis,"0,0,16",McLaren
726,George Connor,"0,0,17",McLaren
727,Jim Rigsby,"0,0,18",McLaren
728,Joe James,"0,0,19",McLaren
729,Bill Schindler,"0,0,20",McLaren
730,George Fonder,"0,0,21",McLaren
731,Henry Banks,"0,0,22",McLaren
732,Johnny McDowell,"0,0,23",McLaren
733,Chet Miller,"0,0,24",McLaren
734,Bobby Ball,"0,0,25",McLaren
735,Charles de Tornaco,"0,0,26",McLaren
736,Roger Laurent,"0,0,27",McLaren
737,Robert O'Brien,"0,0,28",McLaren
738,Tony Gaze,"0,0,29",McLaren
739,Robin Montgomerie-Charrington,"0,0,30",McLaren
740,Franco Comotti,"0,0,31",McLaren
741,Philippe Étancelin,"0,0,32",McLaren
742,Dennis Poore,"0,0,33",McLaren
743,Eric Thompson,"0,0,34",McLaren
744,Ken Downing,"0,0,35",McLaren
745,Graham Whitehead,"0,0,36",McLaren
746,Gino Bianco,"0,0,37",McLaren
747,David Murray,"0,0,38",McLaren
748,Eitel Cantoni,"0,0,39",McLaren
749,Bill Aston,"0,0,40",McLaren
750,Adolf Brudes,"0,0,41",McLaren
751,Fritz Riess,"0,0,42",McLaren
752,Helmut Niedermayr,"0,0,43",McLaren
753,Hans Klenk,"0,0,44",McLaren
754,Marcel Balsa,"0,0,45",McLaren
755,Rudolf Schoeller,"0,0,46",McLaren
756,Paul Pietsch,"0,0,47",McLaren
757,Josef Peters,"0,0,48",McLaren
758,Dries van der Lof,"0,0,49",McLaren
759,Jan Flinterman,"0,0,50",McLaren
760,Piero Dusio,"0,0,51",McLaren
761,Alberto Crespo,"0,0,52",McLaren
762,Franco Rol,"0,0,53",McLaren
763,Consalvo Sanesi,"0,0,54",McLaren
764,Guy Mairesse,"0,0,55",McLaren
765,Henri Louveau,"0,0,56",McLaren
766,Lee Wallard,"0,0,57",McLaren
767,Carl Forberg,"0,0,58",McLaren
768,Mauri Rose,"0,0,59",McLaren
769,Bill Mackey,"0,0,60",McLaren
770,Cecil Green,"0,0,61",McLaren
771,Walt Brown,"0,0,62",McLaren
772,Mack Hellings,"0,0,63",McLaren
773,Pierre Levegh,"0,0,64",McLaren
774,Eugène Chaboud,"0,0,65",McLaren
775,Aldo Gordini,"0,0,66",McLaren
776,Joe Kelly,"0,0,67",McLaren
777,Philip Fotheringham-Parker,"0,0,68",McLaren
778,Brian Shawe Taylor,"0,0,69",McLaren
779,John James,"0,0,70",McLaren
780,Toni Branca,"0,0,71",McLaren
781,Ken Richardson,"0,0,72",McLaren
782,Juan Jover,"0,0,73",McLaren
783,Georges Grignard,"0,0,74",McLaren
784,David Hampshire,"0,0,75",McLaren
785,Geoff Crossley,"0,0,76",McLaren
786,Luigi Fagioli,"0,0,77",McLaren
787,Cuth Harrison,"0,0,78",McLaren
788,Joe Fry,"0,0,79",McLaren
789,Eugène Martin,"0,0,80",McLaren
790,Leslie Johnson,"0,0,81",McLaren
791,Clemente Biondetti,"0,0,82",McLaren
792,Alfredo Pián,"0,0,83",McLaren
793,Raymond Sommer,"0,0,84",McLaren
794,Joie Chitwood,"0,0,85",McLaren
795,Myron Fohr,"0,0,86",McLaren
796,Walt Ader,"0,0,87",McLaren
797,Jackie Holmes,"0,0,88",McLaren
798,Bayliss Levrett,"0,0,89",McLaren
799,Jimmy Jackson,"0,0,90",McLaren
800,Nello Pagani,"0,0,91",McLaren
801,Charles Pozzi,"0,0,92",McLaren
802,Dorino Serafini,"0,0,93",McLaren
803,Bill Cantrell,"0,0,94",McLaren
804,Johnny Mantz,"0,0,95",McLaren
805,Danny Kladis,"0,0,96",McLaren
806,Óscar González,"0,0,97",McLaren
807,Nico Hülkenberg,"17, 17, 17",Haas
808,Vitaly Petrov,"0,0,0",Haas
810,Lucas di Grassi,"0,0,1",Haas
811,Bruno Senna,"0,0,2",Haas
812,Karun Chandhok,"0,0,3",Haas
813,Pastor Maldonado,"0,0,4",Haas
814,Paul di Resta,"0,0,5",Haas
815,Sergio Pérez,"35, 50, 106",RedBull
816,Jérôme d'Ambrosio,"0,0,0",RedBull
817,Daniel Ricciardo,"35, 50, 106",RedBull
818,Jean-Éric Vergne,"0,0,2",RedBull
819,Charles Pic,"0,0,3",RedBull
820,Max Chilton,"0,0,4",RedBull
821,Esteban Gutiérrez,"0,0,5",RedBull
822,Valtteri Bottas,"4, 191, 173",Mercedes
823,Giedo van der Garde,"0,0,0",Mercedes
824,Jules Bianchi,"0,0,1",Mercedes
825,Kevin Magnussen,"17, 17, 17",Haas
826,Daniil Kvyat,"35, 50, 106",RedBull
827,André Lotterer,"0,0,0",RedBull
828,Marcus Ericsson,"0,0,1",RedBull
829,Will Stevens,"0,0,2",RedBull
830,Max Verstappen,"35, 50, 106",RedBull
831,Felipe Nasr,"0,0,0",RedBull
832,Carlos Sainz,"212, 0, 0",Ferrari
833,Roberto Merhi,"0,0,0",Ferrari
834,Alexander Rossi,"0,0,1",Ferrari
835,Jolyon Palmer,"0,0,2",Ferrari
836,Pascal Wehrlein,"0,0,3",Ferrari
837,Rio Haryanto,"0,0,4",Ferrari
838,Stoffel Vandoorne,"0,0,5",Ferrari
839,Esteban Ocon,"243, 99, 185",Alpine
840,Lance Stroll,"0, 128, 133",Aston Martin
841,Antonio Giovinazzi,"165, 15, 45",Alfa Romeo
843,Brendon Hartley,"0,0,0",Alfa Romeo
844,Charles Leclerc,"212, 0, 0",Ferrari
845,Sergey Sirotkin,"0,0,0",Ferrari
846,Lando Norris,"255, 128 ,0",McLaren
847,George Russell,"4, 191, 173",Mercedes
848,Alexander Albon,"30, 25, 172",RedBull
849,Nicholas Latifi,"0, 163, 224",Williams
850,Pietro Fittipaldi,"0,0,0",Williams
851,Jack Aitken,"0,0,0",Williams
852,Yuki Tsunoda,"4, 31, 61",Alpha Tauri
853,Nikita Mazepin,"17, 17, 17",Haas
854,Mick Schumacher,"17, 17, 17",Haas
855,Guanyu Zhou,"165, 15, 45",Alfa Rmeo
856,Nyck de Vries,"4, 31, 61",Alpha Tauri
857,Oscar Piastri,"255, 128 ,0",McLaren
858,Logan Sargeant,"17, 17, 17",Haas